ROW	Check	UID	Points	Date	SNR	ID	Use	Barcode	Note	Original	Result	Reference	Product	Moisture	Protein	P	FFA	Mahalanobis	MahalanobiS_Moisture	Mahalanobis_FFA	Begin	End	Recipe	Composition	Images
0000	True	#2026-08-03 12:37:00 DEMO-0001	11	2026-08-03 12:37:00	DEMO-0001	2026-08-03 12:37:00	CAL			NaN ; NaN ; NaN	4.5003 ; 3846.9 ; 0.54219	; 3600 ;  ; 4.7 ; 0.51 ;  ;  ;		3600		4.7	0.51				12:36:45	12:37:15	demo_oil		
0001	True	#2026-08-03 18:52:00 DEMO-0001	12	2026-08-03 18:52:00	DEMO-0001	2026-08-03 18:52:00	CAL			NaN ; NaN ; NaN	4.9214 ; 3286.7 ; 0.5314	; 3200 ;  ; 5.1 ; 0.5 ;  ;  ;		3200		5.1	0.5				18:51:45	18:52:15	demo_oil		
0002	True	#2026-08-04 00:43:00 DEMO-0001	10	2026-08-04 00:43:00	DEMO-0001	2026-08-04 00:43:00	CAL			NaN ; NaN ; NaN	10.5571 ; 4020.8 ; 0.47303	; 4100 ;  ; 10.6 ; 0.56 ;  ;  ;		4100		10.6	0.56				00:42:45	00:43:15	demo_oil		
0003	True	#2026-08-04 06:38:00 DEMO-0001	12	2026-08-04 06:38:00	DEMO-0001	2026-08-04 06:38:00	CAL			NaN ; NaN ; NaN	6.7207 ; 3970.8 ; 0.4251	; 4000 ;  ; 6.4 ; 0.46 ;  ;  ;		4000		6.4	0.46				06:37:45	06:38:15	demo_oil		
0004	True	#2026-08-04 12:23:00 DEMO-0001	9	2026-08-04 12:23:00	DEMO-0001	2026-08-04 12:23:00	CAL			NaN ; NaN ; NaN	26.1011 ; 3461.9 ; 0.53037	; 3400 ;  ; 24.9 ; 0.54 ;  ;  ;		3400		24.9	0.54				12:22:45	12:23:15	demo_oil		
0005	True	#2026-08-04 17:58:00 DEMO-0001	10	2026-08-04 17:58:00	DEMO-0001	2026-08-04 17:58:00	CAL			NaN ; NaN ; NaN	0.5 ; 4325 ; 0.49914	; 4500 ;  ; 5.3 ; 0.49 ;  ;  ;		4500		5.3	0.49				17:57:45	17:58:15	demo_oil		
0006	True	#2026-08-05 00:05:00 DEMO-0001	11	2026-08-05 00:05:00	DEMO-0001	2026-08-05 00:05:00	CAL			NaN ; NaN ; NaN	7.2386 ; 4580.6 ; 0.56929	; 4400 ;  ; 5.5 ; 0.55 ;  ;  ;		4400		5.5	0.55				00:04:45	00:05:15	demo_oil		
0007	True	#2026-08-05 06:13:00 DEMO-0001	11	2026-08-05 06:13:00	DEMO-0001	2026-08-05 06:13:00	CAL			NaN ; NaN ; NaN	4.1697 ; 4542.9 ; 0.50191	; 4200 ;  ; 6.2 ; 0.48 ;  ;  ;		4200		6.2	0.48				06:12:45	06:13:15	demo_oil		
0008	True	#2026-08-05 12:06:00 DEMO-0001	11	2026-08-05 12:06:00	DEMO-0001	2026-08-05 12:06:00	CAL			NaN ; NaN ; NaN	8.5292 ; 4796.5 ; 0.4968	; 4700 ;  ; 8.8 ; 0.5 ;  ;  ;		4700		8.8	0.5				12:05:45	12:06:15	demo_oil		
0009	True	#2026-08-05 18:21:00 DEMO-0001	13	2026-08-05 18:21:00	DEMO-0001	2026-08-05 18:21:00	CAL			NaN ; NaN ; NaN	11.8574 ; 3739.6 ; 0.43322	; 4200 ;  ; 10.9 ; 0.43 ;  ;  ;		4200		10.9	0.43				18:20:45	18:21:15	demo_oil		
0010	True	#2026-08-06 05:56:00 DEMO-0001	12	2026-08-06 05:56:00	DEMO-0001	2026-08-06 05:56:00	CAL			NaN ; NaN ; NaN	5.7047 ; 3928.9 ; 0.43575	; 3800 ;  ; 6.4 ; 0.45 ;  ;  ;		3800		6.4	0.45				05:55:45	05:56:15	demo_oil		
0011	True	#2026-08-06 18:20:00 DEMO-0001	12	2026-08-06 18:20:00	DEMO-0001	2026-08-06 18:20:00	CAL			NaN ; NaN ; NaN	4.664 ; 4553 ; 0.5099	; 4200 ;  ; 5.6 ; 0.5 ;  ;  ;		4200		5.6	0.5				18:19:45	18:20:15	demo_oil		
0012	True	#2026-08-06 23:56:00 DEMO-0001	11	2026-08-06 23:56:00	DEMO-0001	2026-08-06 23:56:00	CAL			NaN ; NaN ; NaN	4.6615 ; 4167.2 ; 0.58697	; 4000 ;  ; 4.6 ; 0.58 ;  ;  ;		4000		4.6	0.58				23:55:45	23:56:15	demo_oil		
0013	True	#2026-08-07 06:19:00 DEMO-0001	11	2026-08-07 06:19:00	DEMO-0001	2026-08-07 06:19:00	CAL			NaN ; NaN ; NaN	12.6232 ; 3094.8 ; 0.53205	; 3200 ;  ; 10.9 ; 0.49 ;  ;  ;		3200		10.9	0.49				06:18:45	06:19:15	demo_oil		
0014	True	#2026-08-07 12:30:00 DEMO-0001	10	2026-08-07 12:30:00	DEMO-0001	2026-08-07 12:30:00	CAL			NaN ; NaN ; NaN	6.2891 ; 3558.8 ; 0.60189	; 3200 ;  ; 4.5 ; 0.56 ;  ;  ;		3200		4.5	0.56				12:29:45	12:30:15	demo_oil		
0015	True	#2026-08-07 18:06:00 DEMO-0001	13	2026-08-07 18:06:00	DEMO-0001	2026-08-07 18:06:00	CAL			NaN ; NaN ; NaN	2.2305 ; 3417.9 ; 0.62184	; 3300 ;  ; 4.6 ; 0.63 ;  ;  ;		3300		4.6	0.63				18:05:45	18:06:15	demo_oil		
0016	True	#2026-08-07 23:57:00 DEMO-0001	11	2026-08-07 23:57:00	DEMO-0001	2026-08-07 23:57:00	CAL			NaN ; NaN ; NaN	13.5356 ; 4087.6 ; 0.61003	; 4300 ;  ; 11 ; 0.62 ;  ;  ;		4300		11	0.62				23:56:45	23:57:15	demo_oil		
0017	True	#2026-08-08 11:59:00 DEMO-0001	10	2026-08-08 11:59:00	DEMO-0001	2026-08-08 11:59:00	CAL			NaN ; NaN ; NaN	5.1208 ; 2913.5 ; 0.56302	; 3200 ;  ; 5.6 ; 0.56 ;  ;  ;		3200		5.6	0.56				11:58:45	11:59:15	demo_oil		
0018	True	#2026-08-09 00:03:00 DEMO-0001	9	2026-08-09 00:03:00	DEMO-0001	2026-08-09 00:03:00	CAL			NaN ; NaN ; NaN	6.6728 ; 4406.6 ; 0.69913	; 4200 ;  ; 4.7 ; 0.74 ;  ;  ;		4200		4.7	0.74				00:02:45	00:03:15	demo_oil		
0019	True	#2026-08-09 06:08:00 DEMO-0001	12	2026-08-09 06:08:00	DEMO-0001	2026-08-09 06:08:00	CAL			NaN ; NaN ; NaN	4.3294 ; 4245.1 ; 0.59694	; 3900 ;  ; 5.7 ; 0.56 ;  ;  ;		3900		5.7	0.56				06:07:45	06:08:15	demo_oil		
0020	True	#2026-08-09 12:28:00 DEMO-0001	9	2026-08-09 12:28:00	DEMO-0001	2026-08-09 12:28:00	CAL			NaN ; NaN ; NaN	6.5654 ; 3968.4 ; 0.62423	; 3900 ;  ; 4.8 ; 0.59 ;  ;  ;		3900		4.8	0.59				12:27:45	12:28:15	demo_oil		
0021	True	#2026-08-09 17:58:00 DEMO-0001	8	2026-08-09 17:58:00	DEMO-0001	2026-08-09 17:58:00	CAL			NaN ; NaN ; NaN	12.4045 ; 4906.7 ; 0.4935	; 5000 ;  ; 11.7 ; 0.48 ;  ;  ;		5000		11.7	0.48				17:57:45	17:58:15	demo_oil		
0022	True	#2026-08-10 05:57:00 DEMO-0001	13	2026-08-10 05:57:00	DEMO-0001	2026-08-10 05:57:00	CAL			NaN ; NaN ; NaN	6.4229 ; 4121.5 ; 0.5644	; 4100 ;  ; 5.4 ; 0.53 ;  ;  ;		4100		5.4	0.53				05:56:45	05:57:15	demo_oil		
0023	False	#2026-08-10 12:43:00 DEMO-0001	11	2026-08-10 12:43:00	DEMO-0001	2026-08-10 12:43:00				NaN ; NaN ; NaN	5.5979 ; 4093 ; 0.61133	; 4100 ;  ; 5.5 ; 0.62 ;  ;  ;		4100		5.5	0.62				12:42:45	12:43:15	demo_oil		
0024	True	#2026-08-10 19:04:00 DEMO-0001	13	2026-08-10 19:04:00	DEMO-0001	2026-08-10 19:04:00	CAL			NaN ; NaN ; NaN	5.137 ; 3259 ; 0.60737	; 3600 ;  ; 5.7 ; 0.57 ;  ;  ;		3600		5.7	0.57				19:03:45	19:04:15	demo_oil		
0025	True	#2026-08-11 07:19:00 DEMO-0001	9	2026-08-11 07:19:00	DEMO-0001	2026-08-11 07:19:00	CAL			NaN ; NaN ; NaN	1.0368 ; 3548.2 ; 0.61234	; 3600 ;  ; 6.1 ; 0.64 ;  ;  ;		3600		6.1	0.64				07:18:45	07:19:15	demo_oil		
0026	True	#2026-08-11 13:35:00 DEMO-0001	13	2026-08-11 13:35:00	DEMO-0001	2026-08-11 13:35:00	CAL			NaN ; NaN ; NaN	6.3778 ; 3984.8 ; 0.57409	; 4100 ;  ; 5.7 ; 0.58 ;  ;  ;		4100		5.7	0.58				13:34:45	13:35:15	demo_oil		
0027	True	#2026-08-11 19:58:00 DEMO-0001	8	2026-08-11 19:58:00	DEMO-0001	2026-08-11 19:58:00	CAL			NaN ; NaN ; NaN	4.7219 ; 3472.2 ; 0.53971	; 3600 ;  ; 4.8 ; 0.57 ;  ;  ;		3600		4.8	0.57				19:57:45	19:58:15	demo_oil		
0028	True	#2026-08-12 01:36:00 DEMO-0001	12	2026-08-12 01:36:00	DEMO-0001	2026-08-12 01:36:00	CAL			NaN ; NaN ; NaN	4.2852 ; 3982.7 ; 0.66883	; 3900 ;  ; 4.3 ; 0.7 ;  ;  ;		3900		4.3	0.7				01:35:45	01:36:15	demo_oil		
0029	True	#2026-08-12 07:13:00 DEMO-0001	12	2026-08-12 07:13:00	DEMO-0001	2026-08-12 07:13:00	CAL			NaN ; NaN ; NaN	7.1519 ; 4001 ; 0.49941	; 3700 ;  ; 7.4 ; 0.52 ;  ;  ;		3700		7.4	0.52				07:12:45	07:13:15	demo_oil		
0030	True	#2026-08-12 13:25:00 DEMO-0001	9	2026-08-12 13:25:00	DEMO-0001	2026-08-12 13:25:00	CAL			NaN ; NaN ; NaN	5.123 ; 4752.7 ; 0.49657	; 4400 ;  ; 4.9 ; 0.52 ;  ;  ;		4400		4.9	0.52				13:24:45	13:25:15	demo_oil		
0031	True	#2026-08-12 19:44:00 DEMO-0001	12	2026-08-12 19:44:00	DEMO-0001	2026-08-12 19:44:00	CAL			NaN ; NaN ; NaN	9.3168 ; 4192.1 ; 0.44434	; 4200 ;  ; 11.5 ; 0.49 ;  ;  ;		4200		11.5	0.49				19:43:45	19:44:15	demo_oil		
0032	True	#2026-08-13 01:36:00 DEMO-0001	12	2026-08-13 01:36:00	DEMO-0001	2026-08-13 01:36:00	CAL			NaN ; NaN ; NaN	4.5584 ; 4587.5 ; 0.64902	; 4400 ;  ; 4.2 ; 0.66 ;  ;  ;		4400		4.2	0.66				01:35:45	01:36:15	demo_oil		
0033	True	#2026-08-13 07:37:00 DEMO-0001	10	2026-08-13 07:37:00	DEMO-0001	2026-08-13 07:37:00	CAL			NaN ; NaN ; NaN	10.1305 ; 3297.8 ; 0.60223	; 3700 ;  ; 8.8 ; 0.55 ;  ;  ;		3700		8.8	0.55				07:36:45	07:37:15	demo_oil		
0034	True	#2026-08-13 12:56:00 DEMO-0001	10	2026-08-13 12:56:00	DEMO-0001	2026-08-13 12:56:00	CAL			NaN ; NaN ; NaN	6.0124 ; 3501.8 ; 0.5748	; 3400 ;  ; 6.5 ; 0.54 ;  ;  ;		3400		6.5	0.54				12:55:45	12:56:15	demo_oil		
0035	True	#2026-08-13 19:17:00 DEMO-0001	8	2026-08-13 19:17:00	DEMO-0001	2026-08-13 19:17:00	CAL			NaN ; NaN ; NaN	6.3523 ; 3926.5 ; 0.66157	; 3800 ;  ; 8.6 ; 0.59 ;  ;  ;		3800		8.6	0.59				19:16:45	19:17:15	demo_oil		
0036	True	#2026-08-14 00:26:00 DEMO-0001	11	2026-08-14 00:26:00	DEMO-0001	2026-08-14 00:26:00	CAL			NaN ; NaN ; NaN	6.9842 ; 4338.8 ; 0.56943	; 4400 ;  ; 6.2 ; 0.59 ;  ;  ;		4400		6.2	0.59				00:25:45	00:26:15	demo_oil		
0037	True	#2026-08-14 06:19:00 DEMO-0001	13	2026-08-14 06:19:00	DEMO-0001	2026-08-14 06:19:00	CAL			NaN ; NaN ; NaN	5.3341 ; 3380.8 ; 0.44435	; 3500 ;  ; 5.9 ; 0.48 ;  ;  ;		3500		5.9	0.48				06:18:45	06:19:15	demo_oil		
0038	True	#2026-08-14 12:26:00 DEMO-0001	9	2026-08-14 12:26:00	DEMO-0001	2026-08-14 12:26:00	CAL			NaN ; NaN ; NaN	5.2494 ; 3944.3 ; 0.67311	; 4100 ;  ; 5.9 ; 0.65 ;  ;  ;		4100		5.9	0.65				12:25:45	12:26:15	demo_oil		
0039	True	#2026-08-14 18:49:00 DEMO-0001	10	2026-08-14 18:49:00	DEMO-0001	2026-08-14 18:49:00	CAL			NaN ; NaN ; NaN	4.6638 ; 4520.7 ; 0.4948	; 4300 ;  ; 5.1 ; 0.47 ;  ;  ;		4300		5.1	0.47				18:48:45	18:49:15	demo_oil		
0040	True	#2026-08-15 01:01:00 DEMO-0001	8	2026-08-15 01:01:00	DEMO-0001	2026-08-15 01:01:00	CAL			NaN ; NaN ; NaN	4.1532 ; 4781.9 ; 0.48366	; 4400 ;  ; 5.2 ; 0.47 ;  ;  ;		4400		5.2	0.47				01:00:45	01:01:15	demo_oil		
0041	True	#2026-08-15 06:50:00 DEMO-0001	11	2026-08-15 06:50:00	DEMO-0001	2026-08-15 06:50:00	CAL			NaN ; NaN ; NaN	4.7447 ; 3430.2 ; 0.5267	; 3800 ;  ; 5.8 ; 0.5 ;  ;  ;		3800		5.8	0.5				06:49:45	06:50:15	demo_oil		
0042	True	#2026-08-15 13:17:00 DEMO-0001	11	2026-08-15 13:17:00	DEMO-0001	2026-08-15 13:17:00	CAL			NaN ; NaN ; NaN	6.3514 ; 3847.9 ; 0.34587	; 4000 ;  ; 5.7 ; 0.44 ;  ;  ;		4000		5.7	0.44				13:16:45	13:17:15	demo_oil		
0043	True	#2026-08-15 19:24:00 DEMO-0001	8	2026-08-15 19:24:00	DEMO-0001	2026-08-15 19:24:00	CAL			NaN ; NaN ; NaN	3.0091 ; 3706.7 ; 0.42539	; 4000 ;  ; 5.3 ; 0.45 ;  ;  ;		4000		5.3	0.45				19:23:45	19:24:15	demo_oil		
0044	True	#2026-08-16 00:57:00 DEMO-0001	9	2026-08-16 00:57:00	DEMO-0001	2026-08-16 00:57:00	CAL			NaN ; NaN ; NaN	3.5711 ; 3944.9 ; 0.61638	; 4300 ;  ; 4.6 ; 0.66 ;  ;  ;		4300		4.6	0.66				00:56:45	00:57:15	demo_oil		
0045	True	#2026-08-16 07:04:00 DEMO-0001	12	2026-08-16 07:04:00	DEMO-0001	2026-08-16 07:04:00	CAL			NaN ; NaN ; NaN	18.3069 ; 4031.4 ; 0.61958	; 4400 ;  ; 19.3 ; 0.62 ;  ;  ;		4400		19.3	0.62				07:03:45	07:04:15	demo_oil		
0046	True	#2026-08-16 13:50:00 DEMO-0001	11	2026-08-16 13:50:00	DEMO-0001	2026-08-16 13:50:00	CAL			NaN ; NaN ; NaN	9.4658 ; 3331.7 ; 0.4105	; 3500 ;  ; 8.9 ; 0.43 ;  ;  ;		3500		8.9	0.43				13:49:45	13:50:15	demo_oil		
0047	True	#2026-08-16 19:31:00 DEMO-0001	13	2026-08-16 19:31:00	DEMO-0001	2026-08-16 19:31:00	CAL			NaN ; NaN ; NaN	8.1755 ; 4332.4 ; 0.52163	; 4200 ;  ; 9.8 ; 0.51 ;  ;  ;		4200		9.8	0.51				19:30:45	19:31:15	demo_oil		
0048	True	#2026-08-17 01:02:00 DEMO-0001	8	2026-08-17 01:02:00	DEMO-0001	2026-08-17 01:02:00	CAL			NaN ; NaN ; NaN	5.5324 ; 4251 ; 0.46684	; 4500 ;  ; 5.8 ; 0.49 ;  ;  ;		4500		5.8	0.49				01:01:45	01:02:15	demo_oil		
0049	True	#2026-08-17 06:55:00 DEMO-0001	12	2026-08-17 06:55:00	DEMO-0001	2026-08-17 06:55:00	CAL			NaN ; NaN ; NaN	4.5279 ; 4524.4 ; 0.52895	; 4600 ;  ; 5.2 ; 0.49 ;  ;  ;		4600		5.2	0.49				06:54:45	06:55:15	demo_oil		
0050	True	#2026-08-17 12:48:00 DEMO-0001	9	2026-08-17 12:48:00	DEMO-0001	2026-08-17 12:48:00	CAL			NaN ; NaN ; NaN	6.9723 ; 4812.1 ; 0.35459	; 4400 ;  ; 5.9 ; 0.4 ;  ;  ;		4400		5.9	0.4				12:47:45	12:48:15	demo_oil		
0051	True	#2026-08-17 19:09:00 DEMO-0001	12	2026-08-17 19:09:00	DEMO-0001	2026-08-17 19:09:00	CAL			NaN ; NaN ; NaN	5.4771 ; 4146.9 ; 0.52063	; 4100 ;  ; 6.4 ; 0.49 ;  ;  ;		4100		6.4	0.49				19:08:45	19:09:15	demo_oil		
0052	True	#2026-08-18 07:06:00 DEMO-0001	9	2026-08-18 07:06:00	DEMO-0001	2026-08-18 07:06:00	CAL			NaN ; NaN ; NaN	6.3597 ; 4204.3 ; 0.63563	; 4300 ;  ; 5.1 ; 0.66 ;  ;  ;		4300		5.1	0.66				07:05:45	07:06:15	demo_oil		
0053	True	#2026-08-18 19:23:00 DEMO-0001	13	2026-08-18 19:23:00	DEMO-0001	2026-08-18 19:23:00	CAL			NaN ; NaN ; NaN	6.0085 ; 3834.2 ; 0.51365	; 4000 ;  ; 5.9 ; 0.58 ;  ;  ;		4000		5.9	0.58				19:22:45	19:23:15	demo_oil		
0054	True	#2026-08-19 00:58:00 DEMO-0001	11	2026-08-19 00:58:00	DEMO-0001	2026-08-19 00:58:00	CAL			NaN ; NaN ; NaN	5.9556 ; 3496.6 ; 0.61024	; 3300 ;  ; 5.8 ; 0.63 ;  ;  ;		3300		5.8	0.63				00:57:45	00:58:15	demo_oil		
0055	True	#2026-08-19 06:40:00 DEMO-0001	11	2026-08-19 06:40:00	DEMO-0001	2026-08-19 06:40:00	CAL			NaN ; NaN ; NaN	6.393 ; 3549.1 ; 0.43521	; 3200 ;  ; 6.3 ; 0.48 ;  ;  ;		3200		6.3	0.48				06:39:45	06:40:15	demo_oil		
0056	True	#2026-08-19 12:15:00 DEMO-0001	13	2026-08-19 12:15:00	DEMO-0001	2026-08-19 12:15:00	CAL			NaN ; NaN ; NaN	9.716 ; 4152.2 ; 0.53818	; 4300 ;  ; 10.6 ; 0.59 ;  ;  ;		4300		10.6	0.59				12:14:45	12:15:15	demo_oil		
0057	True	#2026-08-19 18:29:00 DEMO-0001	12	2026-08-19 18:29:00	DEMO-0001	2026-08-19 18:29:00	CAL			NaN ; NaN ; NaN	11.2503 ; 3553.5 ; 0.52218	; 3900 ;  ; 10.2 ; 0.56 ;  ;  ;		3900		10.2	0.56				18:28:45	18:29:15	demo_oil		
0058	True	#2026-08-20 00:10:00 DEMO-0001	11	2026-08-20 00:10:00	DEMO-0001	2026-08-20 00:10:00	CAL			NaN ; NaN ; NaN	21.0686 ; 3188.7 ; 0.55926	; 3300 ;  ; 21.7 ; 0.55 ;  ;  ;		3300		21.7	0.55				00:09:45	00:10:15	demo_oil		
0059	True	#2026-08-20 05:57:00 DEMO-0001	8	2026-08-20 05:57:00	DEMO-0001	2026-08-20 05:57:00	CAL			NaN ; NaN ; NaN	8.767 ; 4153.6 ; 0.51882	; 4100 ;  ; 8.1 ; 0.52 ;  ;  ;		4100		8.1	0.52				05:56:45	05:57:15	demo_oil		
0060	True	#2026-08-20 11:39:00 DEMO-0001	9	2026-08-20 11:39:00	DEMO-0001	2026-08-20 11:39:00	CAL			NaN ; NaN ; NaN	4.8918 ; 4196.9 ; 0.56477	; 3600 ;  ; 5.3 ; 0.63 ;  ;  ;		3600		5.3	0.63				11:38:45	11:39:15	demo_oil		
0061	False	#2026-08-20 23:36:00 DEMO-0001	11	2026-08-20 23:36:00	DEMO-0001	2026-08-20 23:36:00				NaN ; NaN ; NaN	6.5572 ; 4109 ; 0.57969	; 4200 ;  ; 6 ; 0.56 ;  ;  ;		4200		6	0.56				23:35:45	23:36:15	demo_oil		
0062	True	#2026-08-21 11:38:00 DEMO-0001	13	2026-08-21 11:38:00	DEMO-0001	2026-08-21 11:38:00	CAL			NaN ; NaN ; NaN	23.2151 ; 3573.9 ; 0.52729	; 3700 ;  ; 22.4 ; 0.55 ;  ;  ;		3700		22.4	0.55				11:37:45	11:38:15	demo_oil		
0063	True	#2026-08-21 17:54:00 DEMO-0001	12	2026-08-21 17:54:00	DEMO-0001	2026-08-21 17:54:00	CAL			NaN ; NaN ; NaN	5.64 ; 4759.7 ; 0.4966	; 4500 ;  ; 4.3 ; 0.48 ;  ;  ;		4500		4.3	0.48				17:53:45	17:54:15	demo_oil		
0064	True	#2026-08-21 23:32:00 DEMO-0001	13	2026-08-21 23:32:00	DEMO-0001	2026-08-21 23:32:00	CAL			NaN ; NaN ; NaN	10.3896 ; 4240.7 ; 0.46867	; 4300 ;  ; 10.6 ; 0.56 ;  ;  ;		4300		10.6	0.56				23:31:45	23:32:15	demo_oil		
0065	True	#2026-08-22 05:05:00 DEMO-0001	8	2026-08-22 05:05:00	DEMO-0001	2026-08-22 05:05:00	CAL			NaN ; NaN ; NaN	8.2153 ; 5199.3 ; 0.71662	; 5000 ;  ; 8 ; 0.76 ;  ;  ;		5000		8	0.76				05:04:45	05:05:15	demo_oil		
0066	True	#2026-08-22 10:51:00 DEMO-0001	8	2026-08-22 10:51:00	DEMO-0001	2026-08-22 10:51:00	CAL			NaN ; NaN ; NaN	3.2789 ; 4785.3 ; 0.69182	; 4800 ;  ; 5.3 ; 0.63 ;  ;  ;		4800		5.3	0.63				10:50:45	10:51:15	demo_oil		
0067	True	#2026-08-22 17:15:00 DEMO-0001	13	2026-08-22 17:15:00	DEMO-0001	2026-08-22 17:15:00	CAL			NaN ; NaN ; NaN	4.6638 ; 3759.5 ; 0.57539	; 3600 ;  ; 5.4 ; 0.59 ;  ;  ;		3600		5.4	0.59				17:14:45	17:15:15	demo_oil		
0068	True	#2026-08-22 22:51:00 DEMO-0001	13	2026-08-22 22:51:00	DEMO-0001	2026-08-22 22:51:00	CAL			NaN ; NaN ; NaN	14.6903 ; 3732 ; 0.52051	; 3800 ;  ; 14.7 ; 0.54 ;  ;  ;		3800		14.7	0.54				22:50:45	22:51:15	demo_oil		
0069	True	#2026-08-23 05:33:00 DEMO-0001	9	2026-08-23 05:33:00	DEMO-0001	2026-08-23 05:33:00	CAL			NaN ; NaN ; NaN	7.0385 ; 4490.6 ; 0.4654	; 4400 ;  ; 9.5 ; 0.56 ;  ;  ;		4400		9.5	0.56				05:32:45	05:33:15	demo_oil		
0070	True	#2026-08-23 11:55:00 DEMO-0001	8	2026-08-23 11:55:00	DEMO-0001	2026-08-23 11:55:00	CAL			NaN ; NaN ; NaN	5.7238 ; 5233 ; 0.33109	; 4500 ;  ; 6.1 ; 0.4 ;  ;  ;		4500		6.1	0.4				11:54:45	11:55:15	demo_oil		
0071	True	#2026-08-23 17:33:00 DEMO-0001	8	2026-08-23 17:33:00	DEMO-0001	2026-08-23 17:33:00	CAL			NaN ; NaN ; NaN	9.0307 ; 5164.7 ; 0.44425	; 4900 ;  ; 9 ; 0.42 ;  ;  ;		4900		9	0.42				17:32:45	17:33:15	demo_oil		
0072	True	#2026-08-23 23:47:00 DEMO-0001	8	2026-08-23 23:47:00	DEMO-0001	2026-08-23 23:47:00	CAL			NaN ; NaN ; NaN	11.8118 ; 4511.1 ; 0.63406	; 4100 ;  ; 12 ; 0.61 ;  ;  ;		4100		12	0.61				23:46:45	23:47:15	demo_oil		
0073	False	#2026-08-24 11:55:00 DEMO-0001	11	2026-08-24 11:55:00	DEMO-0001	2026-08-24 11:55:00				NaN ; NaN ; NaN	12.4031 ; 3801.3 ; 0.60801	; 4100 ;  ; 11.9 ; 0.61 ;  ;  ;		4100		11.9	0.61				11:54:45	11:55:15	demo_oil		
0074	True	#2026-08-24 17:35:00 DEMO-0001	12	2026-08-24 17:35:00	DEMO-0001	2026-08-24 17:35:00	CAL			NaN ; NaN ; NaN	5.4403 ; 4101.5 ; 0.49666	; 4100 ;  ; 6.7 ; 0.48 ;  ;  ;		4100		6.7	0.48				17:34:45	17:35:15	demo_oil		
0075	True	#2026-08-25 05:15:00 DEMO-0001	11	2026-08-25 05:15:00	DEMO-0001	2026-08-25 05:15:00	CAL			NaN ; NaN ; NaN	12.9941 ; 3726.6 ; 0.49032	; 3500 ;  ; 12.7 ; 0.56 ;  ;  ;		3500		12.7	0.56				05:14:45	05:15:15	demo_oil		
0076	True	#2026-08-25 11:26:00 DEMO-0001	8	2026-08-25 11:26:00	DEMO-0001	2026-08-25 11:26:00	CAL			NaN ; NaN ; NaN	14.6916 ; 3279.5 ; 0.43997	; 3700 ;  ; 13.7 ; 0.53 ;  ;  ;		3700		13.7	0.53				11:25:45	11:26:15	demo_oil		
0077	True	#2026-08-25 17:53:00 DEMO-0001	11	2026-08-25 17:53:00	DEMO-0001	2026-08-25 17:53:00	CAL			NaN ; NaN ; NaN	3.7648 ; 4230.3 ; 0.56435	; 4000 ;  ; 4.9 ; 0.6 ;  ;  ;		4000		4.9	0.6				17:52:45	17:53:15	demo_oil		
0078	True	#2026-08-25 23:31:00 DEMO-0001	12	2026-08-25 23:31:00	DEMO-0001	2026-08-25 23:31:00	CAL			NaN ; NaN ; NaN	12.9699 ; 3768.7 ; 0.59192	; 4000 ;  ; 10.7 ; 0.6 ;  ;  ;		4000		10.7	0.6				23:30:45	23:31:15	demo_oil		
0079	True	#2026-08-26 05:13:00 DEMO-0001	9	2026-08-26 05:13:00	DEMO-0001	2026-08-26 05:13:00	CAL			NaN ; NaN ; NaN	9.511 ; 5398.5 ; 0.45464	; 5400 ;  ; 10.3 ; 0.46 ;  ;  ;		5400		10.3	0.46				05:12:45	05:13:15	demo_oil		
0080	True	#2026-08-26 11:07:00 DEMO-0001	11	2026-08-26 11:07:00	DEMO-0001	2026-08-26 11:07:00	CAL			NaN ; NaN ; NaN	24.4447 ; 4408.3 ; 0.54435	; 4500 ;  ; 22.8 ; 0.53 ;  ;  ;		4500		22.8	0.53				11:06:45	11:07:15	demo_oil		
0081	True	#2026-08-26 17:12:00 DEMO-0001	9	2026-08-26 17:12:00	DEMO-0001	2026-08-26 17:12:00	CAL			NaN ; NaN ; NaN	4.7418 ; 4466.4 ; 0.50834	; 4500 ;  ; 5.4 ; 0.52 ;  ;  ;		4500		5.4	0.52				17:11:45	17:12:15	demo_oil		
0082	True	#2026-08-26 23:52:00 DEMO-0001	13	2026-08-26 23:52:00	DEMO-0001	2026-08-26 23:52:00	CAL			NaN ; NaN ; NaN	7.0614 ; 3971 ; 0.47506	; 4400 ;  ; 7.9 ; 0.47 ;  ;  ;		4400		7.9	0.47				23:51:45	23:52:15	demo_oil		
0083	False	#2026-08-27 05:00:00 DEMO-0001	10	2026-08-27 05:00:00	DEMO-0001	2026-08-27 05:00:00				NaN ; NaN ; NaN	10.5536 ; 3602.5 ; 0.62656	; 3900 ;  ; 10.8 ; 0.62 ;  ;  ;		3900		10.8	0.62				04:59:45	05:00:15	demo_oil		
0084	True	#2026-08-27 10:54:00 DEMO-0001	8	2026-08-27 10:54:00	DEMO-0001	2026-08-27 10:54:00	CAL			NaN ; NaN ; NaN	7.4446 ; 3140.4 ; 0.75738	; 3200 ;  ; 6.4 ; 0.71 ;  ;  ;		3200		6.4	0.71				10:53:45	10:54:15	demo_oil		
0085	True	#2026-08-27 16:57:00 DEMO-0001	9	2026-08-27 16:57:00	DEMO-0001	2026-08-27 16:57:00	CAL			NaN ; NaN ; NaN	0.5 ; 4713 ; 0.5438	; 4700 ;  ; 4.4 ; 0.55 ;  ;  ;		4700		4.4	0.55				16:56:45	16:57:15	demo_oil		
0086	True	#2026-08-27 23:13:00 DEMO-0001	11	2026-08-27 23:13:00	DEMO-0001	2026-08-27 23:13:00	CAL			NaN ; NaN ; NaN	5.0125 ; 2978.9 ; 0.62656	; 3300 ;  ; 5.9 ; 0.61 ;  ;  ;		3300		5.9	0.61				23:12:45	23:13:15	demo_oil		
0087	True	#2026-08-28 05:00:00 DEMO-0001	11	2026-08-28 05:00:00	DEMO-0001	2026-08-28 05:00:00	CAL			NaN ; NaN ; NaN	5.0135 ; 4503.3 ; 0.48709	; 4400 ;  ; 5 ; 0.43 ;  ;  ;		4400		5	0.43				04:59:45	05:00:15	demo_oil		
0088	True	#2026-08-28 11:47:00 DEMO-0001	9	2026-08-28 11:47:00	DEMO-0001	2026-08-28 11:47:00	CAL			NaN ; NaN ; NaN	11.1559 ; 3572.8 ; 0.69507	; 3900 ;  ; 12.4 ; 0.63 ;  ;  ;		3900		12.4	0.63				11:46:45	11:47:15	demo_oil		
0089	True	#2026-08-28 17:31:00 DEMO-0001	11	2026-08-28 17:31:00	DEMO-0001	2026-08-28 17:31:00	CAL			NaN ; NaN ; NaN	6.8361 ; 4776.9 ; 0.50731	; 4500 ;  ; 7.6 ; 0.49 ;  ;  ;		4500		7.6	0.49				17:30:45	17:31:15	demo_oil		
0090	True	#2026-08-28 23:56:00 DEMO-0001	13	2026-08-28 23:56:00	DEMO-0001	2026-08-28 23:56:00	CAL			NaN ; NaN ; NaN	7.6183 ; 3682 ; 0.53321	; 3800 ;  ; 9.8 ; 0.55 ;  ;  ;		3800		9.8	0.55				23:55:45	23:56:15	demo_oil		
0091	True	#2026-08-29 06:15:00 DEMO-0001	10	2026-08-29 06:15:00	DEMO-0001	2026-08-29 06:15:00	CAL			NaN ; NaN ; NaN	4.5755 ; 3770.7 ; 0.69627	; 4000 ;  ; 5.3 ; 0.66 ;  ;  ;		4000		5.3	0.66				06:14:45	06:15:15	demo_oil		
0092	True	#2026-08-29 11:27:00 DEMO-0001	10	2026-08-29 11:27:00	DEMO-0001	2026-08-29 11:27:00	CAL			NaN ; NaN ; NaN	6.2385 ; 4218.6 ; 0.47568	; 4400 ;  ; 6.5 ; 0.54 ;  ;  ;		4400		6.5	0.54				11:26:45	11:27:15	demo_oil		
0093	True	#2026-08-29 18:14:00 DEMO-0001	12	2026-08-29 18:14:00	DEMO-0001	2026-08-29 18:14:00	CAL			NaN ; NaN ; NaN	10.1421 ; 4771.3 ; 0.56965	; 4700 ;  ; 11.4 ; 0.56 ;  ;  ;		4700		11.4	0.56				18:13:45	18:14:15	demo_oil		
0094	True	#2026-08-29 23:48:00 DEMO-0001	13	2026-08-29 23:48:00	DEMO-0001	2026-08-29 23:48:00	CAL			NaN ; NaN ; NaN	9.2109 ; 4281.4 ; 0.51064	; 4700 ;  ; 7.9 ; 0.55 ;  ;  ;		4700		7.9	0.55				23:47:45	23:48:15	demo_oil		
0095	True	#2026-08-30 11:34:00 DEMO-0001	11	2026-08-30 11:34:00	DEMO-0001	2026-08-30 11:34:00	CAL			NaN ; NaN ; NaN	23.3986 ; 4550.1 ; 0.49013	; 4200 ;  ; 23.8 ; 0.46 ;  ;  ;		4200		23.8	0.46				11:33:45	11:34:15	demo_oil		
0096	True	#2026-08-30 17:39:00 DEMO-0001	8	2026-08-30 17:39:00	DEMO-0001	2026-08-30 17:39:00	CAL			NaN ; NaN ; NaN	5.456 ; 5187 ; 0.48072	; 5000 ;  ; 5.1 ; 0.53 ;  ;  ;		5000		5.1	0.53				17:38:45	17:39:15	demo_oil		
0097	True	#2026-08-30 23:49:00 DEMO-0001	10	2026-08-30 23:49:00	DEMO-0001	2026-08-30 23:49:00	CAL			NaN ; NaN ; NaN	23.0835 ; 3671.4 ; 0.5577	; 4000 ;  ; 22.8 ; 0.58 ;  ;  ;		4000		22.8	0.58				23:48:45	23:49:15	demo_oil		
0098	True	#2026-08-31 11:54:00 DEMO-0001	13	2026-08-31 11:54:00	DEMO-0001	2026-08-31 11:54:00	CAL			NaN ; NaN ; NaN	5.7676 ; 3570 ; 0.465	; 3200 ;  ; 5.6 ; 0.52 ;  ;  ;		3200		5.6	0.52				11:53:45	11:54:15	demo_oil		
0099	True	#2026-08-31 18:10:00 DEMO-0001	9	2026-08-31 18:10:00	DEMO-0001	2026-08-31 18:10:00	CAL			NaN ; NaN ; NaN	6.4533 ; 4259 ; 0.5621	; 4100 ;  ; 7.6 ; 0.54 ;  ;  ;		4100		7.6	0.54				18:09:45	18:10:15	demo_oil		
0100	True	#2026-08-31 23:20:00 DEMO-0001	12	2026-08-31 23:20:00	DEMO-0001	2026-08-31 23:20:00	CAL			NaN ; NaN ; NaN	6.0484 ; 2989.3 ; 0.47652	; 3200 ;  ; 6.4 ; 0.47 ;  ;  ;		3200		6.4	0.47				23:19:45	23:20:15	demo_oil		
0101	True	#2026-09-01 05:44:00 DEMO-0001	10	2026-09-01 05:44:00	DEMO-0001	2026-09-01 05:44:00	CAL			NaN ; NaN ; NaN	5.5192 ; 4702.5 ; 0.45092	; 4500 ;  ; 5 ; 0.52 ;  ;  ;		4500		5	0.52				05:43:45	05:44:15	demo_oil		
0102	False	#2026-09-01 17:23:00 DEMO-0001	13	2026-09-01 17:23:00	DEMO-0001	2026-09-01 17:23:00				NaN ; NaN ; NaN	7.0617 ; 4497.4 ; 0.54155	; 4200 ;  ; 9 ; 0.56 ;  ;  ;		4200		9	0.56				17:22:45	17:23:15	demo_oil		
0103	True	#2026-09-01 23:51:00 DEMO-0001	8	2026-09-01 23:51:00	DEMO-0001	2026-09-01 23:51:00	CAL			NaN ; NaN ; NaN	5.0621 ; 4725 ; 0.50344	; 4900 ;  ; 5.5 ; 0.5 ;  ;  ;		4900		5.5	0.5				23:50:45	23:51:15	demo_oil		
0104	True	#2026-09-02 05:51:00 DEMO-0001	9	2026-09-02 05:51:00	DEMO-0001	2026-09-02 05:51:00	CAL			NaN ; NaN ; NaN	5.5804 ; 3774.3 ; 0.56812	; 4000 ;  ; 5.2 ; 0.53 ;  ;  ;		4000		5.2	0.53				05:50:45	05:51:15	demo_oil		
0105	True	#2026-09-02 12:43:00 DEMO-0001	10	2026-09-02 12:43:00	DEMO-0001	2026-09-02 12:43:00	CAL			NaN ; NaN ; NaN	11.7387 ; 4659.4 ; 0.50977	; 4100 ;  ; 11.3 ; 0.5 ;  ;  ;		4100		11.3	0.5				12:42:45	12:43:15	demo_oil		
0106	True	#2026-09-03 00:45:00 DEMO-0001	10	2026-09-03 00:45:00	DEMO-0001	2026-09-03 00:45:00	CAL			NaN ; NaN ; NaN	18.1386 ; 4327.6 ; 0.58009	; 4100 ;  ; 19.7 ; 0.61 ;  ;  ;		4100		19.7	0.61				00:44:45	00:45:15	demo_oil		
0107	True	#2026-09-03 06:20:00 DEMO-0001	11	2026-09-03 06:20:00	DEMO-0001	2026-09-03 06:20:00	CAL			NaN ; NaN ; NaN	6.5778 ; 4639.9 ; 0.64387	; 4900 ;  ; 5.2 ; 0.66 ;  ;  ;		4900		5.2	0.66				06:19:45	06:20:15	demo_oil		
0108	True	#2026-09-03 12:21:00 DEMO-0001	12	2026-09-03 12:21:00	DEMO-0001	2026-09-03 12:21:00	CAL			NaN ; NaN ; NaN	6.3508 ; 3690.4 ; 0.48612	; 3600 ;  ; 5.3 ; 0.46 ;  ;  ;		3600		5.3	0.46				12:20:45	12:21:15	demo_oil		
0109	True	#2026-09-03 18:29:00 DEMO-0001	12	2026-09-03 18:29:00	DEMO-0001	2026-09-03 18:29:00	CAL			NaN ; NaN ; NaN	8.9007 ; 5005.7 ; 0.56552	; 4900 ;  ; 9.7 ; 0.52 ;  ;  ;		4900		9.7	0.52				18:28:45	18:29:15	demo_oil		
0110	True	#2026-09-04 06:48:00 DEMO-0001	11	2026-09-04 06:48:00	DEMO-0001	2026-09-04 06:48:00	CAL			NaN ; NaN ; NaN	12.3498 ; 5014.2 ; 0.52895	; 5100 ;  ; 12.5 ; 0.54 ;  ;  ;		5100		12.5	0.54				06:47:45	06:48:15	demo_oil		
0111	True	#2026-09-04 13:40:00 DEMO-0001	11	2026-09-04 13:40:00	DEMO-0001	2026-09-04 13:40:00	CAL			NaN ; NaN ; NaN	23.893 ; 3758.8 ; 0.45208	; 3700 ;  ; 22.9 ; 0.48 ;  ;  ;		3700		22.9	0.48				13:39:45	13:40:15	demo_oil		
0112	True	#2026-09-04 19:59:00 DEMO-0001	8	2026-09-04 19:59:00	DEMO-0001	2026-09-04 19:59:00	CAL			NaN ; NaN ; NaN	6.0832 ; 4171.3 ; 0.52927	; 4300 ;  ; 5.2 ; 0.48 ;  ;  ;		4300		5.2	0.48	1 ; 1.6 ; 1.4 ; 1 ; 1.6 ; 1.4			19:58:45	19:59:15	demo_oil		
0113	True	#2026-09-05 02:16:00 DEMO-0001	12	2026-09-05 02:16:00	DEMO-0001	2026-09-05 02:16:00	CAL			NaN ; NaN ; NaN	4.5907 ; 4530 ; 0.37669	; 4700 ;  ; 5.5 ; 0.4 ;  ;  ;		4700		5.5	0.4	2.2 ; 0.9 ; 1.1 ; 2.2 ; 0.9 ; 1.1			02:15:45	02:16:15	demo_oil		
0114	True	#2026-09-05 08:35:00 DEMO-0001	8	2026-09-05 08:35:00	DEMO-0001	2026-09-05 08:35:00	CAL			NaN ; NaN ; NaN	11.9832 ; 4311.9 ; 0.56491	; 4100 ;  ; 11.9 ; 0.56 ;  ;  ;		4100		11.9	0.56	2.1 ; 1.8 ; 1.6 ; 2.1 ; 1.8 ; 1.6			08:34:45	08:35:15	demo_oil		
0115	True	#2026-09-05 15:18:00 DEMO-0001	10	2026-09-05 15:18:00	DEMO-0001	2026-09-05 15:18:00	CAL			NaN ; NaN ; NaN	6.3477 ; 3375.3 ; 0.61127	; 3300 ;  ; 7 ; 0.55 ;  ;  ;		3300		7	0.55	0.5 ; 1 ; 0.2 ; 0.5 ; 1 ; 0.2			15:17:45	15:18:15	demo_oil		
0116	False	#2026-09-06 03:06:00 DEMO-0001	8	2026-09-06 03:06:00	DEMO-0001	2026-09-06 03:06:00				NaN ; NaN ; NaN	11.1261 ; 3688.7 ; 0.60859	; 3800 ;  ; 10.6 ; 0.59 ;  ;  ;		3800		10.6	0.59	1.4 ; 0.8 ; 1.6 ; 1.4 ; 0.8 ; 1.6			03:05:45	03:06:15	demo_oil		
0117	True	#2026-09-06 09:18:00 DEMO-0001	9	2026-09-06 09:18:00	DEMO-0001	2026-09-06 09:18:00	CAL			NaN ; NaN ; NaN	4.571 ; 3349.7 ; 0.67935	; 3900 ;  ; 4.1 ; 0.7 ;  ;  ;		3900		4.1	0.7	0.7 ; 1.4 ; 2 ; 0.7 ; 1.4 ; 2			09:17:45	09:18:15	demo_oil		
0118	True	#2026-09-06 21:42:00 DEMO-0001	8	2026-09-06 21:42:00	DEMO-0001	2026-09-06 21:42:00	CAL			NaN ; NaN ; NaN	8.7618 ; 3620.1 ; 0.57049	; 4000 ;  ; 8.1 ; 0.62 ;  ;  ;		4000		8.1	0.62	1.1 ; 0.5 ; 0.4 ; 1.1 ; 0.5 ; 0.4			21:41:45	21:42:15	demo_oil		
0119	True	#2026-09-07 02:50:00 DEMO-0001	13	2026-09-07 02:50:00	DEMO-0001	2026-09-07 02:50:00	CAL			NaN ; NaN ; NaN	7.3877 ; 4698.7 ; 0.43484	; 4900 ;  ; 6.4 ; 0.49 ;  ;  ;		4900		6.4	0.49	0.4 ; 0.4 ; 0.7 ; 0.4 ; 0.4 ; 0.7			02:49:45	02:50:15	demo_oil		
0120	True	#2026-09-07 08:42:00 DEMO-0001	8	2026-09-07 08:42:00	DEMO-0001	2026-09-07 08:42:00	CAL			NaN ; NaN ; NaN	23.835 ; 4286.4 ; 0.44791	; 4300 ;  ; 24.3 ; 0.46 ;  ;  ;		4300		24.3	0.46	1 ; 0.4 ; 0.4 ; 1 ; 0.4 ; 0.4			08:41:45	08:42:15	demo_oil		
0121	True	#2026-09-07 20:30:00 DEMO-0001	10	2026-09-07 20:30:00	DEMO-0001	2026-09-07 20:30:00	CAL			NaN ; NaN ; NaN	4.59 ; 4563.6 ; 0.54389	; 4400 ;  ; 4.5 ; 0.51 ;  ;  ;		4400		4.5	0.51	1.5 ; 0.7 ; 0.5 ; 1.5 ; 0.7 ; 0.5			20:29:45	20:30:15	demo_oil		
0122	True	#2026-09-08 03:09:00 DEMO-0001	10	2026-09-08 03:09:00	DEMO-0001	2026-09-08 03:09:00	CAL			NaN ; NaN ; NaN	10.067 ; 3814.8 ; 0.5018	; 3800 ;  ; 11.3 ; 0.54 ;  ;  ;		3800		11.3	0.54	0.6 ; 0.6 ; 0.2 ; 0.6 ; 0.6 ; 0.2			03:08:45	03:09:15	demo_oil		
0123	True	#2026-09-08 09:40:00 DEMO-0001	8	2026-09-08 09:40:00	DEMO-0001	2026-09-08 09:40:00	CAL			NaN ; NaN ; NaN	10.5118 ; 4760.6 ; 0.53748	; 4700 ;  ; 9.5 ; 0.55 ;  ;  ;		4700		9.5	0.55	0.4 ; 0.6 ; 0.9 ; 0.4 ; 0.6 ; 0.9			09:39:45	09:40:15	demo_oil		
0124	True	#2026-09-08 21:24:00 DEMO-0001	13	2026-09-08 21:24:00	DEMO-0001	2026-09-08 21:24:00	CAL			NaN ; NaN ; NaN	20.1212 ; 4003.1 ; 0.4984	; 3700 ;  ; 20.5 ; 0.47 ;  ;  ;		3700		20.5	0.47	0.2 ; 0.9 ; 1 ; 0.2 ; 0.9 ; 1			21:23:45	21:24:15	demo_oil		
0125	True	#2026-09-09 09:02:00 DEMO-0001	12	2026-09-09 09:02:00	DEMO-0001	2026-09-09 09:02:00	CAL			NaN ; NaN ; NaN	5.4738 ; 4067.6 ; 0.54223	; 4400 ;  ; 5.2 ; 0.53 ;  ;  ;		4400		5.2	0.53	0.7 ; 0.6 ; 0.8 ; 0.7 ; 0.6 ; 0.8			09:01:45	09:02:15	demo_oil		
0126	True	#2026-09-09 15:14:00 DEMO-0001	10	2026-09-09 15:14:00	DEMO-0001	2026-09-09 15:14:00	CAL			NaN ; NaN ; NaN	7.6758 ; 4546 ; 0.62881	; 4300 ;  ; 8.4 ; 0.56 ;  ;  ;		4300		8.4	0.56	1.3 ; 0.6 ; 0.2 ; 1.3 ; 0.6 ; 0.2			15:13:45	15:14:15	demo_oil		
0127	True	#2026-09-09 21:32:00 DEMO-0001	8	2026-09-09 21:32:00	DEMO-0001	2026-09-09 21:32:00	CAL			NaN ; NaN ; NaN	14.569 ; 3036.1 ; 0.52175	; 3300 ;  ; 14.4 ; 0.56 ;  ;  ;		3300		14.4	0.56	0.6 ; 0.8 ; 0.5 ; 0.6 ; 0.8 ; 0.5			21:31:45	21:32:15	demo_oil		
0128	True	#2026-09-10 03:21:00 DEMO-0001	12	2026-09-10 03:21:00	DEMO-0001	2026-09-10 03:21:00	CAL			NaN ; NaN ; NaN	5.8477 ; 3692.8 ; 0.56394	; 3800 ;  ; 6.7 ; 0.55 ;  ;  ;		3800		6.7	0.55	0.4 ; 0.6 ; 0.3 ; 0.4 ; 0.6 ; 0.3			03:20:45	03:21:15	demo_oil		
0129	True	#2026-09-10 08:59:00 DEMO-0001	11	2026-09-10 08:59:00	DEMO-0001	2026-09-10 08:59:00	CAL			NaN ; NaN ; NaN	6.1495 ; 4549.8 ; 0.45803	; 4200 ;  ; 6.3 ; 0.47 ;  ;  ;		4200		6.3	0.47	0.4 ; 0.2 ; 0.7 ; 0.4 ; 0.2 ; 0.7			08:58:45	08:59:15	demo_oil		
0130	True	#2026-09-10 14:43:00 DEMO-0001	9	2026-09-10 14:43:00	DEMO-0001	2026-09-10 14:43:00	CAL			NaN ; NaN ; NaN	6.0366 ; 3586.1 ; 0.54157	; 3700 ;  ; 5.8 ; 0.51 ;  ;  ;		3700		5.8	0.51	0.7 ; 1.5 ; 0.6 ; 0.7 ; 1.5 ; 0.6			14:42:45	14:43:15	demo_oil		
0131	True	#2026-09-10 21:05:00 DEMO-0001	8	2026-09-10 21:05:00	DEMO-0001	2026-09-10 21:05:00	CAL			NaN ; NaN ; NaN	7.6067 ; 4603.8 ; 0.59047	; 4300 ;  ; 6.4 ; 0.61 ;  ;  ;		4300		6.4	0.61	0.7 ; 0.5 ; 1.8 ; 0.7 ; 0.5 ; 1.8			21:04:45	21:05:15	demo_oil		
0132	True	#2026-09-11 03:02:00 DEMO-0001	8	2026-09-11 03:02:00	DEMO-0001	2026-09-11 03:02:00	CAL			NaN ; NaN ; NaN	3.759 ; 3592.1 ; 0.58777	; 3300 ;  ; 7.1 ; 0.58 ;  ;  ;		3300		7.1	0.58	0.4 ; 0.7 ; 0.5 ; 0.4 ; 0.7 ; 0.5			03:01:45	03:02:15	demo_oil		
0133	True	#2026-09-11 14:57:00 DEMO-0001	11	2026-09-11 14:57:00	DEMO-0001	2026-09-11 14:57:00	CAL			NaN ; NaN ; NaN	8.5906 ; 4260.2 ; 0.71743	; 3800 ;  ; 9 ; 0.71 ;  ;  ;		3800		9	0.71	0.8 ; 0.5 ; 1.2 ; 0.8 ; 0.5 ; 1.2			14:56:45	14:57:15	demo_oil		
0134	True	#2026-09-11 21:16:00 DEMO-0001	13	2026-09-11 21:16:00	DEMO-0001	2026-09-11 21:16:00	CAL			NaN ; NaN ; NaN	8.8753 ; 4330 ; 0.64279	; 4300 ;  ; 6.5 ; 0.59 ;  ;  ;		4300		6.5	0.59	2.2 ; 1 ; 0.7 ; 2.2 ; 1 ; 0.7			21:15:45	21:16:15	demo_oil		
0135	True	#2026-09-12 03:00:00 DEMO-0001	10	2026-09-12 03:00:00	DEMO-0001	2026-09-12 03:00:00	CAL			NaN ; NaN ; NaN	5.4505 ; 3550.7 ; 0.66348	; 3900 ;  ; 7.1 ; 0.61 ;  ;  ;		3900		7.1	0.61	1 ; 0.7 ; 0.9 ; 1 ; 0.7 ; 0.9			02:59:45	03:00:15	demo_oil		
0136	True	#2026-09-12 08:58:00 DEMO-0001	11	2026-09-12 08:58:00	DEMO-0001	2026-09-12 08:58:00	CAL			NaN ; NaN ; NaN	7.3957 ; 4393.4 ; 0.39878	; 3900 ;  ; 6.2 ; 0.47 ;  ;  ;		3900		6.2	0.47	1 ; 0.8 ; 0.3 ; 1 ; 0.8 ; 0.3			08:57:45	08:58:15	demo_oil		
0137	True	#2026-09-12 14:07:00 DEMO-0001	13	2026-09-12 14:07:00	DEMO-0001	2026-09-12 14:07:00	CAL			NaN ; NaN ; NaN	14.5476 ; 3574.1 ; 0.56385	; 3500 ;  ; 14.6 ; 0.57 ;  ;  ;		3500		14.6	0.57	1.3 ; 1.5 ; 1 ; 1.3 ; 1.5 ; 1			14:06:45	14:07:15	demo_oil		
0138	True	#2026-09-13 02:18:00 DEMO-0001	9	2026-09-13 02:18:00	DEMO-0001	2026-09-13 02:18:00	CAL			NaN ; NaN ; NaN	8.9987 ; 4159.5 ; 0.6425	; 4300 ;  ; 8.5 ; 0.63 ;  ;  ;		4300		8.5	0.63	0.7 ; 0.6 ; 0.3 ; 0.7 ; 0.6 ; 0.3			02:17:45	02:18:15	demo_oil		
0139	True	#2026-09-13 08:04:00 DEMO-0001	8	2026-09-13 08:04:00	DEMO-0001	2026-09-13 08:04:00	CAL			NaN ; NaN ; NaN	6.5918 ; 4647.6 ; 0.62864	; 4400 ;  ; 6.3 ; 0.62 ;  ;  ;		4400		6.3	0.62	0.6 ; 0.5 ; 0.4 ; 0.6 ; 0.5 ; 0.4			08:03:45	08:04:15	demo_oil		
0140	True	#2026-09-13 13:55:00 DEMO-0001	11	2026-09-13 13:55:00	DEMO-0001	2026-09-13 13:55:00	CAL			NaN ; NaN ; NaN	3.9324 ; 4112.3 ; 0.49602	; 3900 ;  ; 5 ; 0.47 ;  ;  ;		3900		5	0.47	0.9 ; 0.8 ; 1.2 ; 0.9 ; 0.8 ; 1.2			13:54:45	13:55:15	demo_oil		
0141	True	#2026-09-13 20:05:00 DEMO-0001	10	2026-09-13 20:05:00	DEMO-0001	2026-09-13 20:05:00	CAL			NaN ; NaN ; NaN	9.2352 ; 3581.6 ; 0.38473	; 3900 ;  ; 9.3 ; 0.43 ;  ;  ;		3900		9.3	0.43	0.7 ; 0.7 ; 0.7 ; 0.7 ; 0.7 ; 0.7			20:04:45	20:05:15	demo_oil		
0142	True	#2026-09-14 02:26:00 DEMO-0001	12	2026-09-14 02:26:00	DEMO-0001	2026-09-14 02:26:00	CAL			NaN ; NaN ; NaN	13.301 ; 4706.7 ; 0.40287	; 4600 ;  ; 12 ; 0.4 ;  ;  ;		4600		12	0.4	1 ; 1 ; 0.6 ; 1 ; 1 ; 0.6			02:25:45	02:26:15	demo_oil		
0143	True	#2026-09-14 14:08:00 DEMO-0001	8	2026-09-14 14:08:00	DEMO-0001	2026-09-14 14:08:00	CAL			NaN ; NaN ; NaN	4.4652 ; 3664.8 ; 0.49993	; 3600 ;  ; 12.1 ; 0.49 ;  ;  ;		3600		12.1	0.49	0.9 ; 0.3 ; 0.7 ; 0.9 ; 0.3 ; 0.7			14:07:45	14:08:15	demo_oil		
0144	True	#2026-09-14 20:19:00 DEMO-0001	8	2026-09-14 20:19:00	DEMO-0001	2026-09-14 20:19:00	CAL			NaN ; NaN ; NaN	11.3103 ; 5194.5 ; 0.64408	; 5000 ;  ; 10.8 ; 0.63 ;  ;  ;		5000		10.8	0.63	0.6 ; 0.9 ; 0.4 ; 0.6 ; 0.9 ; 0.4			20:18:45	20:19:15	demo_oil		
0145	True	#2026-09-15 03:07:00 DEMO-0001	13	2026-09-15 03:07:00	DEMO-0001	2026-09-15 03:07:00	CAL			NaN ; NaN ; NaN	4.5033 ; 3424.9 ; 0.55469	; 3700 ;  ; 5.1 ; 0.55 ;  ;  ;		3700		5.1	0.55	0.5 ; 0.3 ; 0.7 ; 0.5 ; 0.3 ; 0.7			03:06:45	03:07:15	demo_oil		
0146	True	#2026-09-15 08:42:00 DEMO-0001	10	2026-09-15 08:42:00	DEMO-0001	2026-09-15 08:42:00	CAL			NaN ; NaN ; NaN	7.7016 ; 3539.2 ; 0.59716	; 3800 ;  ; 5.9 ; 0.59 ;  ;  ;		3800		5.9	0.59	0.4 ; 0.6 ; 0.6 ; 0.4 ; 0.6 ; 0.6			08:41:45	08:42:15	demo_oil		
0147	True	#2026-09-15 14:44:00 DEMO-0001	10	2026-09-15 14:44:00	DEMO-0001	2026-09-15 14:44:00	CAL			NaN ; NaN ; NaN	4.6744 ; 4327 ; 0.59786	; 4100 ;  ; 5.4 ; 0.6 ;  ;  ;		4100		5.4	0.6	0.4 ; 1.2 ; 0.6 ; 0.4 ; 1.2 ; 0.6			14:43:45	14:44:15	demo_oil		
0148	True	#2026-09-15 20:26:00 DEMO-0001	9	2026-09-15 20:26:00	DEMO-0001	2026-09-15 20:26:00	CAL			NaN ; NaN ; NaN	16.1376 ; 4202.1 ; 0.39375	; 4200 ;  ; 16.6 ; 0.39 ;  ;  ;		4200		16.6	0.39	0.6 ; 0.5 ; 0.7 ; 0.6 ; 0.5 ; 0.7			20:25:45	20:26:15	demo_oil		
0149	True	#2026-09-16 02:15:00 DEMO-0001	8	2026-09-16 02:15:00	DEMO-0001	2026-09-16 02:15:00	CAL			NaN ; NaN ; NaN	5.5081 ; 3620.9 ; 0.52018	; 3600 ;  ; 4 ; 0.56 ;  ;  ;		3600		4	0.56	0.3 ; 0.3 ; 0.6 ; 0.3 ; 0.3 ; 0.6			02:14:45	02:15:15	demo_oil		
0150	True	#2026-09-16 14:05:00 DEMO-0001	13	2026-09-16 14:05:00	DEMO-0001	2026-09-16 14:05:00	CAL			NaN ; NaN ; NaN	9.2131 ; 3210.2 ; 0.572	; 3300 ;  ; 9.7 ; 0.55 ;  ;  ;		3300		9.7	0.55	0.7 ; 0.4 ; 0.7 ; 0.7 ; 0.4 ; 0.7			14:04:45	14:05:15	demo_oil		
0151	True	#2026-09-16 19:40:00 DEMO-0001	11	2026-09-16 19:40:00	DEMO-0001	2026-09-16 19:40:00	CAL			NaN ; NaN ; NaN	7.9354 ; 5026.2 ; 0.51871	; 4500 ;  ; 9.1 ; 0.49 ;  ;  ;		4500		9.1	0.49	2.2 ; 0.8 ; 1.1 ; 2.2 ; 0.8 ; 1.1			19:39:45	19:40:15	demo_oil		
0152	True	#2026-09-17 01:20:00 DEMO-0001	8	2026-09-17 01:20:00	DEMO-0001	2026-09-17 01:20:00	CAL			NaN ; NaN ; NaN	2.2035 ; 4909.6 ; 0.63904	; 4700 ;  ; 8.2 ; 0.64 ;  ;  ;		4700		8.2	0.64	0.9 ; 1.4 ; 0.5 ; 0.9 ; 1.4 ; 0.5			01:19:45	01:20:15	demo_oil		
0153	True	#2026-09-17 07:29:00 DEMO-0001	11	2026-09-17 07:29:00	DEMO-0001	2026-09-17 07:29:00	CAL			NaN ; NaN ; NaN	14.5095 ; 4541.9 ; 0.38434	; 4700 ;  ; 13.7 ; 0.4 ;  ;  ;		4700		13.7	0.4	0.7 ; 0.9 ; 1.1 ; 0.7 ; 0.9 ; 1.1			07:28:45	07:29:15	demo_oil		
0154	True	#2026-09-17 13:09:00 DEMO-0001	12	2026-09-17 13:09:00	DEMO-0001	2026-09-17 13:09:00				7.1301 ; 4109.9 ; 0.3598	7.1301 ; 4109.9 ; 0.3598	;  ;  ;  ;  ;  ;  ;						0.5 ; 0.9 ; 0.2 ; 0.5 ; 0.9 ; 0.2			13:08:45	13:09:15	demo_oil		
0155	True	#2026-09-17 19:28:00 DEMO-0001	12	2026-09-17 19:28:00	DEMO-0001	2026-09-17 19:28:00				16.6859 ; 4081.5 ; 0.57446	16.6859 ; 4081.5 ; 0.57446	;  ;  ;  ;  ;  ;  ;						0.8 ; 0.8 ; 0.5 ; 0.8 ; 0.8 ; 0.5			19:27:45	19:28:15	demo_oil		
0156	True	#2026-09-18 01:09:00 DEMO-0001	8	2026-09-18 01:09:00	DEMO-0001	2026-09-18 01:09:00				7.6479 ; 3732.2 ; 0.45198	7.6479 ; 3732.2 ; 0.45198	;  ;  ;  ;  ;  ;  ;						0.3 ; 1.1 ; 0.4 ; 0.3 ; 1.1 ; 0.4			01:08:45	01:09:15	demo_oil		
0157	True	#2026-09-18 06:22:00 DEMO-0001	12	2026-09-18 06:22:00	DEMO-0001	2026-09-18 06:22:00				6.1319 ; 5687.3 ; 0.43936	6.1319 ; 5687.3 ; 0.43936	;  ;  ;  ;  ;  ;  ;						0.2 ; 1 ; 1.1 ; 0.2 ; 1 ; 1.1			06:21:45	06:22:15	demo_oil		
0158	False	#2026-09-18 12:13:00 DEMO-0001	10	2026-09-18 12:13:00	DEMO-0001	2026-09-18 12:13:00				5.8038 ; 3339.4 ; 0.58587	5.8038 ; 3339.4 ; 0.58587	;  ;  ;  ;  ;  ;  ;						0.4 ; 0.7 ; 0.3 ; 0.4 ; 0.7 ; 0.3			12:12:45	12:13:15	demo_oil		
0159	True	#2026-09-18 18:33:00 DEMO-0001	11	2026-09-18 18:33:00	DEMO-0001	2026-09-18 18:33:00				8.5821 ; 4327.9 ; 0.44623	8.5821 ; 4327.9 ; 0.44623	;  ;  ;  ;  ;  ;  ;						0.3 ; 1.1 ; 1.1 ; 0.3 ; 1.1 ; 1.1			18:32:45	18:33:15	demo_oil		
